"470089","汇添富6月红添利定开债C"
"005383","富国绿色纯债一年定开债"
"000469","富国目标齐利一年期纯债债券"
"005890","先锋博盈纯债A"
"005891","先锋博盈纯债C"
"002488","汇添富稳添利定开债C"
"004893","华润元大润泽债券A"
"003809","招商招顺纯债A"
"002650","东方红稳添利纯债"
"002818","招商招恒纯债C"
"001911","博时裕恒纯债债券"
"004469","汇添富鑫益定开债发起式A"
"006884","汇添富AAA级信用纯债A"
"007328","招商添盈纯债E"
"003863","招商招祥纯债A"
"006646","汇添富短债债券A"
"002795","平安惠盈纯债A"
"003545","东兴兴利债券A"
"009617","东兴兴利债券C"
"000394","融通通源短融债券A"
"011024","东兴兴利债券D"
"009403","平安惠盈纯债C"
"001127","中银宏观策略混合"
"006885","汇添富AAA级信用纯债C"
"002825","融通通和债券"
"002442","鑫元汇利债券"
"217023","招商信用增强债券A"
"006805","富国短债债券型C"
"002578","博时裕泉纯债债券"
"163819","中银信用增利债券(LOF)A"
"003949","兴全稳泰债券A"
"004827","平安中短债债券A"
"004828","平安中短债债券C"
"007582","中泰青月中短债A"
"006735","国金惠鑫短债债券C"
"002140","博时裕诚纯债债券"
"006851","平安中短债债券E"
"007520","富安达富利纯债"
"002755","博时裕盛纯债债券"
"005895","平安合丰定开债"
"007622","中欧滚利一年滚动持有债券A"
"011871","前海开源沪港深优势精选混合C"
"003571","招商招琪纯债A"
"007583","中泰青月中短债C"
"000815","鑫元合享纯债A"
"000744","北信瑞丰稳定收益A"
"002754","博时裕创纯债"
"006074","人保鑫瑞中短债债券C"
"380005","中银纯债债券A"
"000419","大摩优质信价纯债A"
"000305","中银中高等级A"
"002860","前海开源沪港深新机遇混合"
"003922","长盛盛康纯债债券A"
"010035","平安高等级债E"
"380006","中银纯债债券C"
"000814","鑫元合享纯债C"
"005588","长安裕腾混合A"
"004548","中银中高等级C"
"009603","国金惠鑫短债债券E"
"003270","招商招乾3个月定开债C"
"970003","安信瑞鸿中短债A"
"970004","安信瑞鸿中短债B"
"005072","中银丰进定期开放债券"
"005896","平安合慧定开债"
"970005","安信瑞鸿中短债C"
"004920","富国泓利纯债发起式A"
"000420","大摩优质信价纯债C"
"007211","汇安中短债债券E"
"160515","博时安丰18个月定开债A"
"006521","汇安短债债券E"
"005077","平安合韵定开债"
"006929","博时富融纯债债券"
"008773","中银景泰回报混合"
"006948","华宝中短债债券C"
"003923","长盛盛康纯债债券C"
"007435","华宝宝怡债券"
"006686","人保安惠三个月定开债"
"001661","博时信用债纯债债券C"
"000745","北信瑞丰稳定收益C"
"003812","中金金利C"
"003824","天弘信利债券A"
"007990","富国汇远三年定开债A"
"006903","长盛安鑫中短债C"
"004334","博时广利纯债3个月定开"
"006549","国金惠盈纯债A"
"006934","平安3-5年政策性金融债A"
"007908","招商添韵3个月定开债A"
"000784","博时季季享持有期B"
"007909","招商添韵3个月定开债C"
"007845","博时季季享持有期C"
"006935","平安3-5年政策性金融债C"
"006853","中银汇享债券"
"007447","平安惠泰纯债"
"002206","博时裕康纯债债券"
"008774","招商鑫福中短债A"
"001212","华润元大稳健债券A"
"001235","中银国有企业债A"
"002635","融通增鑫债券"
"007991","富国汇远三年定开债C"
"007118","华泰紫金丰泰纯债发起C"
"002632","鑫元双债增强债券A"
"004601","博时富腾纯债债券"
"519519","华泰柏瑞稳本增利债券A"
"009356","博时季季乐持有期债券A"
"008775","招商鑫福中短债C"
"009604","国金惠盈纯债E"
"007516","融通增润三个月定开债"
"009357","博时季季乐持有期债券C"
"009450","中金新辉1年"
"002633","鑫元双债增强债券C"
"007394","东兴兴财短债债券A"
"003776","南方宣利定开债A"
"000536","前海开源可转债债券"
"161618","融通岁岁添利定开债A"
"003051","农银汇理金利一年定开债"
"008911","平安元丰中短债债券A"
"002569","博时裕弘纯债债券"
"003742","汇安嘉汇纯债债券A"
"003768","泰达宏利纯利债券C"
"005171","富国景利纯债债券"
"006997","平安惠添纯债债券"
"006393","招商添德3个月定开债A"
"009637","招商信用添利债券(LOF)C"
"008913","平安元丰中短债债券E"
"007395","东兴兴财短债债券C"
"006985","兴全恒裕债券"
"002807","融通通安债券"
"660016","农银汇理金聚高等级债券"
"008788","融通中债1-3年国开行债券指数C"
"161619","融通岁岁添利定开债B"
"002568","博时裕发纯债"
"002465","东兴众智优选混合"
"005369","富国臻利纯债定开债券"
"008912","平安元丰中短债债券C"
"004831","汇添富鑫泽定开债A"
"007758","平安乐享一年定开债A"
"161614","融通四季添利债券(LOF)A"
"007513","博时富丰3个月定开债"
"007902","汇添富中短债C"
"002775","博时景兴纯债债券"
"008829","博时富洋一年定开债发起式"
"006412","平安合锦定开债"
"004555","南方和元A"
"002970","博时裕昂纯债债券"
"006571","中金金元C"
"007763","前海开源3-5年国开债A"
"004556","南方和元C"
"000673","融通四季添利债券(LOF)C"
"009272","博时信用优选债券C"
"010145","格林中短债债券A"
"003528","汇添富长添利定开债A"
"009196","北信瑞丰鼎盛中短债A"
"007015","嘉合磐泰短债债券C"
"005871","天弘荣享定开债"
"202306","南方理财60天债券B"
"001057","华夏理财30天债券A"
"202305","南方理财60天债券A"
"007951","招商信用增强债券C"
"003002","国金及第中短债债券"
"004850","中欧弘涛债券A"
"007764","前海开源3-5年国开债C"
"004919","兴全兴泰定期开放债券"
"006107","招商添利6个月定开债发起式A"
"009197","北信瑞丰鼎盛中短债C"
"006099","泰达宏利泽利债券"
"002899","富国两年期理财债券C"
"470030","汇添富鑫禧债券"
"008596","平安乐顺39个月定开债A"
"006164","融通通捷债券"
"009167","博时富灿一年定开债发起式"
"003529","汇添富长添利定开债C"
"160523","博时安丰18个月定开债C"
"005289","融通通昊三个月定开债"
"007744","长盛安逸纯债债券A"
"008146","中银添瑞6个月A"
"006570","中金金元A"
"002109","博时裕丰纯债3个月定开债"
"000952","中银慧享中短利率债债券B"
"000951","中银慧享中短利率债债券A"
"002898","富国两年期理财债券A"
"010191","华夏鼎信债券A"
"008147","中银添瑞6个月C"
"008594","平安合润定开债"
"008762","天弘恒享一年定开"
"006422","嘉合磐稳纯债A"
"003777","南方宣利定开债C"
"000792","招商定期宝六个月期理财债券"
"010440","诺德安鸿纯债"
"007173","招商添旭定开债发起式A"
"010634","天弘合益债券A"
"010498","国金惠宁中短期利率债A"
"003453","招商招盛纯债C"
"008730","天弘纯享一年定开"
"003452","招商招盛纯债A"
"010499","国金惠宁中短期利率债C"
"008738","天弘兴享一年定开"
"007745","长盛安逸纯债债券C"
"010635","天弘合益债券C"
"007264","人保中高等级信用债A"
"011094","诺德安盛纯债"
"005721","前海开源乾盛定开债C"
"010459","鑫元乾利债券"
"010804","天弘庆享债券C"
"161693","融通债券C"
"009148","平安合聚定开债"
"007265","人保中高等级信用债C"
"007337","汇安嘉盛纯债债券C"
"008731","招商添浩纯债A"
"008233","中银恒优12个月持有期债券C"
"164509","国富恒利债券(LOF)A"
"004833","先锋聚利混合A"
"004834","先锋聚利混合C"
"164703","汇添富纯债债券(LOF)"
"168501","北信瑞丰产业升级"
"161631","融通人工智能指数(LOF)A"
"009239","融通人工智能指数(LOF)C"
"004734","中欧瑾灵灵活配置混合A"
"004735","中欧瑾灵灵活配置混合C"
"162210","泰达宏利集利债券A"
"000694","鑫元鸿利债券"
"000355","南方丰元信用增强债券A"
"000356","南方丰元信用增强债券C"
"160520","博时弘盈定期开放混合A"
"005892","先锋汇盈纯债A"
"005906","招商丰茂灵活混合发起式A"
"160521","博时弘盈定期开放混合C"
"002929","博时聚盈纯债债券"
"002218","南方弘利A"
"002219","南方弘利C"
"005907","招商丰茂灵活混合发起式C"
"005893","先锋汇盈纯债C"
"003266","招商招坤纯债C"
"000516","富国祥利一年期定期开放债券型A"
"006625","汇安嘉鑫纯债债券"
"008452","兴全恒鑫债券A"
"008453","兴全恒鑫债券C"
"000517","富国祥利一年期定期开放债券型C"
"050027","博时信用债纯债债券A"
"006383","招商添盈纯债A"
"004001","泰达宏利恒利债券A"
"006090","前海开源鼎康债券A"
"004564","北信瑞丰鼎利债券A"
"006384","招商添盈纯债C"
"006091","前海开源鼎康债券C"
"004002","泰达宏利恒利债券C"
"005193","北信瑞丰鼎利债券C"
"004470","汇添富鑫益定开债发起式C"
"005843","金元顺安沣泉债券"
"003448","招商招华纯债A"
"003449","招商招华纯债C"
"005590","汇添富鑫永定开债A"
"005591","汇添富鑫永定开债C"
"005363","中银证券安源债券C"
"009407","格林泓远纯债A"
"005362","中银证券安源债券A"
"006544","平安惠聚纯债债券"
"006332","招商金鸿债券A"
"010728","中泰兴诚价值一年持有混合A"
"010729","中泰兴诚价值一年持有混合C"
"005212","汇安稳裕债券"
"007623","中欧滚利一年滚动持有债券C"
"006629","招商鑫悦中短债A"
"006630","招商鑫悦中短债C"
"005601","汇安中短债债券A"
"005602","汇安中短债债券C"
"006224","中银中债3-5年期农发行债券"
"003825","天弘信利债券C"
"006184","格林泓鑫纯债A"
"008946","中欧弘涛债券C"
"007551","鑫元泽利债券"
"010078","博时恒荣一年混合A"
"007220","天弘华享三个月定开债"
"004630","平安合信定开债"
"008549","汇安中债-广西信用债A"
"007901","汇添富中短债A"
"011623","汇添富中短债E"
"008550","汇安中债-广西信用债C"
"002927","长盛盛和纯债A"
"010223","博时双季享持有期债券A"
"001546","博时裕盈3个月定开债"
"002928","长盛盛和纯债C"
"010239","平安瑞尚六个月持有混合A"
"003651","博时丰达纯债6个月定开债"
"010244","平安瑞尚六个月持有混合C"
"010803","天弘庆享债券A"
"003682","博时安弘一年定开债发起式A"
"003683","博时安弘一年定开债发起式C"
"005462","博时富业3个月定开债"
"008732","招商添浩纯债C"
"009408","格林泓远纯债C"
"005301","前海开源弘泽债券发起式A"
"005302","前海开源弘泽债券发起式C"
"005295","诺德天富灵活配置混合"
"162299","泰达宏利集利债券C"
"240003","华宝宝康债券A"
"006952","中银景元回报混合"
"007964","华宝宝康债券C"
"501041","汇添富弘安(LOF)A"
"501042","汇添富弘安(LOF)C"
"003265","招商招坤纯债A"
"007318","中银民丰回报混合"
"003258","博时富祥纯债债券A"
"009168","博时富祥纯债债券C"
"004689","博时丰庆纯债债券"
"100066","富国纯债债券发起A/B"
"100068","富国纯债债券发起C"
"004767","中银智享债券"
"003156","招商招悦纯债A"
"003157","招商招悦纯债C"
"006333","招商金鸿债券C"
"002869","融通通裕定开债"
"005514","南华瑞恒中短债债券C"
"007609","汇安嘉诚债券A"
"005127","平安合正定开债"
"005513","南华瑞恒中短债债券A"
"007610","汇安嘉诚债券C"
"007612","汇安裕和纯债债券C"
"006185","格林泓鑫纯债C"
"008941","华泰紫金周周购3月滚动债A"
"004899","中银信享定期开放债券"
"010079","博时恒荣一年混合C"
"007611","汇安裕和纯债债券A"
"008942","华泰紫金周周购3月滚动债C"
"008993","汇添富多策略纯债A"
"011597","汇添富多策略纯债E"
"008411","博时富信纯债债券"
"501053","东方红目标优选定开混合"
"008994","汇添富多策略纯债C"
"010746","富安达长三角区域主题混合"
"010226","博时双季享持有期债券B"
"010227","博时双季享持有期债券C"
"010341","招商产业精选股票A"
"010342","招商产业精选股票C"
"008643","国金惠远纯债C"
"008798","国金惠安利率债A"
"008799","国金惠安利率债C"
"217001","招商安泰混合"
"004814","中欧红利优享混合A"
"004815","中欧红利优享混合C"
"003626","平安鑫利混合A"
"005482","博时创新驱动混合A"
"006433","平安鑫利混合C"
"005483","博时创新驱动混合C"
"004978","富国聚利三个月定开债"
"007641","泰达宏利鑫利债券A"
"006986","平安季添盈定开债A"
"003023","博时景发纯债债券"
"007642","泰达宏利鑫利债券C"
"006988","平安季添盈定开债E"
"006987","平安季添盈定开债C"
"002745","北信瑞丰丰利混合"
"005315","泰达宏利交利3个月定开债A"
"005316","泰达宏利交利3个月定开债C"
"161624","融通可转债债券A"
"007996","博时富顺纯债债券"
"006145","前海开源鼎欣债券A"
"008642","国金惠远纯债A"
"010270","汇安嘉盈一年持有期债券C"
"005477","长安鑫禧灵活配置混合A"
"005478","长安鑫禧灵活配置混合C"
"011125","富国文体健康股票C"
"004932","招商丰拓灵活混合A"
"004696","东兴量化优享混合"
"007115","金元顺安桉盛债券C"
"000244","天弘稳利定期开放A"
"009789","富安达科技创新混合"
"000245","天弘稳利定期开放B"
"010229","平安鼎弘混合(LOF)D"
"007752","中银招利债券A"
"007753","中银招利债券C"
"007645","平安季享裕定开债A"
"010202","天弘中证科技100指数增强A"
"010203","天弘中证科技100指数增强C"
"007647","平安季享裕定开债E"
"007646","平安季享裕定开债C"
"161625","融通可转债债券C"
"006146","前海开源鼎欣债券C"
"007315","汇安嘉盈一年持有期债券A"
"001889","中欧增强回报债券(LOF)E"
"501310","华宝沪港深中国增强(LOF)A"
"007397","华宝沪港深中国增强(LOF)C"
"002252","融通成长30灵活配置混合"
"160518","博时睿远"
"001564","东方红京东大数据混合"
"163821","中银沪深300等权重指数"
"004933","招商丰拓灵活混合C"
"002657","招商安裕灵活配置混合A"
"002658","招商安裕灵活配置混合C"
"002813","博时颐泰混合A"
"006270","汇安核心成长混合A"
"008456","招商瑞阳混合A"
"008457","招商瑞阳混合C"
"003827","华夏鼎汇债券C"
"004093","金元顺安桉盛债券A"
"002719","融通增祥三个月定开债"
"005493","鑫元价值精选混合A"
"160527","博时研究优选3年封闭混合A"
"005494","鑫元价值精选混合C"
"005345","长安泓润纯债债券A"
"005346","长安泓润纯债债券C"
"167003","平安鼎弘混合(LOF)A"
"010228","平安鼎弘混合(LOF)C"
"009377","招商瑞恒一年持有期混合A"
"010435","富国双债增强债券A"
"010436","富国双债增强债券C"
"166008","中欧增强回报债券(LOF)A"
"007446","中欧增强回报债券(LOF)C"
"000124","华宝服务优选混合"
"100037","富国优化增强债券C"
"001849","前海开源强势共识100强股票"
"002814","博时颐泰混合C"
"006271","汇安核心成长混合C"
"003826","华夏鼎汇债券A"
"160528","博时研究优选3年封闭混合C"
"009591","博时研究精选持有期混合A"
"009378","招商瑞恒一年持有期混合C"
"161719","招商可转债债券"
"009601","招商科技动力3个月股票A"
"010504","招商稳兴混合C"
"470009","汇添富民营活力混合A"
"161039","富国中证1000指数增强"
"000810","富国收益增强债券A"
"002833","华夏新锦绣混合A"
"000812","富国收益增强债券C"
"002015","南方荣光A"
"002016","南方荣光C"
"380009","中银添利债券发起A"
"007262","东方红聚利债券A"
"007263","东方红聚利债券C"
"004025","融通收益增强债券A"
"004026","融通收益增强债券C"
"009592","博时研究精选持有期混合C"
"009602","招商科技动力3个月股票C"
"009332","博时恒裕持有期混合A"
"009333","博时恒裕持有期混合C"
"010503","招商稳兴混合A"
"003189","汇添富保鑫混合"
"000107","富国稳健增强债券A/B"
"161728","招商战略配售(LOF)"
"001957","嘉合磐通债券A"
"001958","嘉合磐通债券C"
"700001","平安行业先锋混合"
"240016","华宝上证180价值联接"
"006424","嘉合锦程混合A"
"501082","博时科创主题3年封闭混合"
"002415","融通通盈灵活配置混合"
"004495","博时量化平衡混合"
"100032","富国中证红利指数增强A"
"008682","富国中证红利指数增强C"
"002782","富国祥利定开债发起式"
"008726","平安添裕债券A"
"008727","平安添裕债券C"
"010651","平安双季增享6个月持有债券A"
"006751","富国互联科技股票A"
"011126","富国互联科技股票C"
"006425","嘉合锦程混合C"
"005090","嘉合睿金混合发起式A"
"005091","嘉合睿金混合发起式C"
"005674","诺德消费升级混合"
"007497","中庚价值灵动灵活配置混合"
"710302","富安达增强收益债券C"
"166107","信达澳银量化多因子混合(LOF)A"
"009863","富国创新趋势股票"
"001213","华润元大稳健债券C"
"008906","嘉合锦鹏添利混合C"
"010652","平安双季增享6个月持有债券C"
"009395","鑫元安鑫回报混合"
"001883","中欧新动力混合(LOF)E"
"002628","招商安博灵活配置混合A"
"008378","兴全社会价值三年持有混合"
"000690","前海开源大海洋混合"
"100035","富国优化增强债券A/B"
"001866","北信瑞丰新成长"
"501060","中金优选300指数(LOF)A"
"501061","中金优选300指数(LOF)C"
"004352","北信瑞丰研究精选"
"710301","富安达增强收益债券A"
"166108","信达澳银量化多因子混合(LOF)C"
"009671","平安恒泽混合A"
"008905","嘉合锦鹏添利混合A"
"002199","前海开源中证军工指数C"
"004236","中欧新动力混合(LOF)C"
"163407","兴全沪深300指数(LOF)A"
"007230","兴全沪深300指数(LOF)C"
"002629","招商安博灵活配置混合C"
"000314","招商瑞丰灵活配置混合发起式A"
"002017","招商瑞丰灵活配置混合发起式C"
"002456","招商安元灵活配置混合A"
"002457","招商安元灵活配置混合C"
"007725","招商瑞文混合A"
"007726","招商瑞文混合C"
"002574","招商瑞庆混合A"
"009423","招商瑞信稳健配置混合A"
"009424","招商瑞信稳健配置混合C"
"009782","富国兴泉回报12个月持有期混合A"
"009783","富国兴泉回报12个月持有期混合C"
"009672","平安恒泽混合C"
"240008","华宝收益增长混合"
"000601","华宝创新优选混合"
"700004","平安灵活配置混合"
"005331","益民优势安享混合"
"002263","泰达宏利大数据混合A"
"003554","泰达宏利大数据混合C"
"217002","招商安泰平衡混合"
"003861","招商兴福混合A"
"007085","招商瑞庆混合C"
"160814","长盛中证金融地产指数(LOF)"
"010328","博时荣华灵活配置混合A"
"010329","博时荣华灵活配置混合C"
"010966","富国成长领航混合"
"160137","南方中证互联网指数(LOF)"
"010662","富国均衡优选混合"
"002885","大摩万众创新混合A"
"710001","富安达优势成长混合"
"163406","兴全合润混合(LOF)"
"001427","招商丰泽混合A"
"001173","中欧瑾和灵活配置混合A"
"001446","招商丰泽混合C"
"003862","招商兴福混合C"
"002389","招商安德灵活配置混合A"
"011712","大摩万众创新混合C"
"240010","华宝行业精选混合"
"007505","华夏AH经济蓝筹股票A"
"007506","华夏AH经济蓝筹股票C"
"161029","富国中证银行指数(LOF)"
"007141","嘉合稳健增长混合A"
"002390","招商安德灵活配置混合C"
"010429","中欧睿见混合"
"000410","益民服务领先混合"
"163415","兴全商业模式优选混合"
"002692","富国创新科技混合A"
"011120","富国创新科技混合C"
"002776","招商安荣混合A"
"002777","招商安荣混合C"
"010484","中银量化精选混合C"
"003218","前海开源祥和债券A"
"003219","前海开源祥和债券C"
"007142","嘉合稳健增长混合C"
"005118","金信价值精选混合C"
"005117","金信价值精选混合A"
"000652","博时裕隆灵活配置混合"
"005668","融通新能源汽车主题精选混合A"
"009835","融通新能源汽车主题精选混合C"
"000596","前海开源中证军工指数A"
"003717","中银量化精选混合A"
"006749","东兴核心成长混合A"
"010114","华宝新兴成长混合"
"000480","东方红新动力混合"
"004448","博时汇智回报灵活配置混合"
"501071","泓德三年封闭丰泽混合"
"004698","博时军工主题股票A"
"011592","博时军工主题股票C"
"005634","汇安行业龙头混合"
"006923","前海开源沪港深非周期股票A"
"006924","前海开源沪港深非周期股票C"
"002630","江信瑞福灵活配置混合A"
"002631","江信瑞福灵活配置混合C"
"006061","红土创新增强收益债券A"
"006064","红土创新增强收益债券C"
"006755","东兴核心成长混合C"
"001297","平安智慧中国混合"
"217021","招商优势企业混合"
"001418","泰达宏利创益混合A"
"002273","泰达宏利创益混合B"
"001556","天弘中证500指数增强A"
"001955","中欧养老产业混合"
"000368","汇添富沪深300安中指数"
"007082","平安高端制造混合A"
"007083","平安高端制造混合C"
"163417","兴全合宜混合(LOF)A"
"005491","兴全合宜混合(LOF)C"
"000063","长盛电子信息主题灵活配置混合"
"163805","中银策略混合"
"006992","嘉合锦创优势精选混合"
"004871","中银金融地产混合A"
"161605","融通蓝筹成长混合"
"501201","红土科技创新3年封闭混合"
"001557","天弘中证500指数增强C"
"010430","招商安阳债券A"
"010642","农银汇理瑞祥一年持有混合"
"009057","博时科技创新混合A"
"009058","博时科技创新混合C"
"010312","中银金融地产混合C"
"002123","北信瑞丰外延增长"
"166024","中欧恒利三年定期开放混合"
"010431","招商安阳债券C"
"000896","鑫元聚鑫收益增强债A"
"000897","鑫元聚鑫收益增强债C"
"501305","汇添富中证港股通(LOF)A"
"501306","汇添富中证港股通(LOF)C"
"233006","大摩领先优势混合"
"163807","中银优选混合"
"003956","南方教育股票"
"007130","中庚小盘价值股票"
"162214","泰达宏利领先中小盘混合"
"160517","博时中证银行指数(LOF)"
"006701","红土创新稳健混合C"
"161718","招商沪深300高贝塔"
"164402","前海开源中航军工指数"
"001142","泰达宏利创盈混合B"
"001810","中欧潜力价值灵活配置混合A"
"001594","天弘中证银行ETF联接A"
"002849","金信智能中国2025混合"
"006700","红土创新稳健混合A"
"161723","招商中证银行指数"
"506006","汇添富科创板2年定开混合"
"006813","博时汇悦回报混合"
"005764","中欧潜力价值灵活配置混合C"
"001595","天弘中证银行ETF联接C"
"001829","北信瑞丰中国智造"
"007153","添富中证银行ETF联接A"
"007154","添富中证银行ETF联接C"
"010769","天弘中证农业主题A"
"010770","天弘中证农业主题C"
"202027","南方高端装备灵活配置混合A"
"519029","华夏稳增混合"
"006624","中泰玉衡价值优选混合"
"007809","富国央企创新驱动ETF联接A"
"007810","富国央企创新驱动ETF联接C"
"001891","中欧成长优选混合E"
"007808","北信瑞丰量化优选灵活配置"
"007796","博时央企创新驱动ETF联接A"
"007797","博时央企创新驱动ETF联接C"
"001267","泰达宏利蓝筹混合"
"700003","平安策略先锋混合"
"217019","招商深证TMT50ETF联接A"
"004409","招商深证TMT50ETF联接C"
"160522","博时睿益事件驱动混合(LOF)"
"006351","中金MSCI中国A股红利指数A"
"006352","中金MSCI中国A股红利指数C"
"009327","东兴兴晟混合A"
"009328","东兴兴晟混合C"
"000309","大摩品质生活精选股票"
"001882","中欧价值发现混合E"
"004232","中欧价值发现混合C"
"001141","泰达宏利创盈混合A"
"006438","博时央调ETF联接A"
"004390","平安转型创新混合A"
"004391","平安转型创新混合C"
"006439","博时央调ETF联接C"
"009878","平安低碳经济混合A"
"009879","平安低碳经济混合C"
"161024","富国中证军工指数(LOF)"
"501095","中银证券科创3年封闭混合"
"009661","平安研究睿选混合A"
"006567","中泰星元灵活配置混合"
"005445","华宝价值发现混合"
"009662","平安研究睿选混合C"
"009077","红土创新稳进混合A"
"009078","红土创新稳进混合C"
"161628","融通中证云计算与大数据主题指数(LOF)"
"161030","富国中证体育产业指数(LOF)"
"009566","汇安泓阳三年持有期混合"
"001917","招商量化精选股票A"
"001125","博时互联网主题灵活配置混合"
"000739","平安新鑫先锋A"
"007950","招商量化精选股票C"
"470098","汇添富逆向投资混合"
"001515","平安新鑫先锋C"
"001534","华宝万物互联混合"
"001278","前海开源清洁能源混合A"
"002360","前海开源清洁能源混合C"
"167001","平安鼎泰混合(LOF)"
"000646","华润元大量化优选混合A"
"009008","平安科技创新混合A"
"501072","国金红利增强"
"240005","华宝多策略增长开放"
"168401","红土创新转型精选灵(LOF)"
"007827","华润元大量化优选混合C"
"009009","平安科技创新混合C"
"008114","天弘中证红利低波动100A"
"008115","天弘中证红利低波动100C"
"920003","中金新锐股票A"
"920923","中金新锐股票C"
"000458","英大领先回报混合发起式"
"000336","农银研究精选混合"
"006748","富国中证价值ETF联接A"
"000496","长安产业精选混合A"
"007191","富国中证价值ETF联接C"
"006560","华夏四川国改ETF联接A"
"002071","长安产业精选混合C"
"006561","华夏四川国改ETF联接C"
"001270","英大灵活配置混合型发起式A"
"001271","英大灵活配置混合型发起式B"
"006551","中庚价值领航混合"
"010805","东财新能源车A"
"010806","东财新能源车C"
"002666","前海开源沪港深创新成长混合A"
"002667","前海开源沪港深创新成长混合C"
"162201","泰达宏利成长混合"
"007786","富国中证国企一带一路ETF联接A"
"007787","富国中证国企一带一路ETF联接C"
"006349","中金MSCI中国A股价值指数A"
"006350","中金MSCI中国A股价值指数C"
"161036","富国中证娱乐主题指数增强型"
"001606","农银工业4.0混合"
"501099","平安科技创新3年封闭混合"
"010135","泰达高研发创新6个月混合A"
"010136","泰达高研发创新6个月混合C"
"001753","红土创新新兴产业混合"
"005537","中航新起航灵活配置混合A"
"005538","中航新起航灵活配置混合C"
"000717","融通转型三动力灵活配置混合A"
"009828","融通转型三动力灵活配置混合C"
"010841","华宝红利精选混合C"
"009263","华宝红利精选混合A"
"000696","汇添富环保行业股票"
"001476","中银智能制造股票"
"005368","富国清洁能源产业混合A"
"011127","富国清洁能源产业混合C"
"004913","中银证券聚瑞混合A"
"000612","华宝生态中国混合"
"004914","中银证券聚瑞混合C"
"000828","泰达转型机遇"
"002707","大摩科技领先混合"
"007590","华宝绿色领先股票"
"002601","中银证券价值精选混合"
"161611","融通内需驱动混合"
"002634","华宝未来主导混合"
"009319","南方成长先锋混合C"
"009318","南方成长先锋混合A"
"000689","前海开源新经济混合"
"002095","博时新收益A"
"002096","博时新收益C"
"011103","天弘中证光伏产业指数C"
"011102","天弘中证光伏产业指数A"
"003834","华夏能源革新股票"
"002190","农银新能源主题"
"506005","博时科创板三年定开混合"
"004685","金元顺安元启灵活配置混合"
"005669","前海开源公用事业股票"
"001675","江信同福A"
"001676","江信同福C"
"002938","中银证券健康产业混合"
"501030","汇添富中证环境治理指数A"
"501031","汇添富中证环境治理指数C"
"005488","天弘尊享定开债发起式"
"007989","融通通恒63个月定开债券C"
"010509","中银彭博巴克莱银行1-5年"
"010892","中银证券精选行业股票A"
"010893","中银证券精选行业股票C"
"070002","嘉实增长混合"
"000011","华夏大盘精选混合"
"260104","景顺长城内需增长混合"
"070006","嘉实服务增值行业混合"
"110011","易方达中小盘混合"
"040005","华安宏利混合"
"288002","华夏收入混合"
"180012","银华富裕主题混合"
"166301","华商新趋势优选灵活配置混合"
"519692","交银成长混合A"
"519679","银河主题混合"
"040035","华安逆向策略混合"
"910009","东方红启程三年持有混合A"
"519674","银河创新成长混合"
"002031","华夏策略混合"
"377240","上投摩根新兴动力混合A"
"519732","交银定期支付双息平衡混合"
"377010","上投摩根阿尔法混合"
"006011","中信保诚稳鸿A"
"519697","交银优势行业混合"
"519091","新华泛资源优势混合"
"020023","国泰事件驱动策略混合"
"010225","东方红启航三年持有混合B"
"910022","东方红启航三年持有混合A"
"590008","中邮战略新兴产业混合"
"370024","上投摩根核心优选混合"
"540006","汇丰晋信大盘股票A"
"000547","建信健康民生混合"
"690007","民生加银景气行业混合A"
"000751","嘉实新兴产业股票"
"009720","民生加银景气行业混合C"
"398061","中海消费混合"
"270008","广发核心精选混合"
"519760","交银新回报灵活配置混合C"
"270028","广发制造业精选混合A"
"010023","广发制造业精选混合C"
"003803","华安新丰利灵活配置混合A"
"000527","南方新优享灵活配置混合A"
"110022","易方达消费行业股票"
"270050","广发新经济混合A"
"400007","东方策略成长混合"
"010134","广发新经济混合C"
"006590","南方新优享灵活配置混合C"
"090015","大成内需增长混合A"
"202023","南方优选成长混合A"
"000577","安信价值精选股票"
"460005","华泰柏瑞价值增长混合A"
"040025","华安科技动力混合"
"000136","民生加银策略精选混合A"
"000308","建信创新中国混合"
"270041","广发消费品精选混合A"
"009709","民生加银策略精选混合C"
"010022","广发消费品精选混合C"
"005206","南方优选成长混合C"
"110013","易方达科翔混合"
"519672","银河蓝筹混合"
"206007","鹏华消费优选混合"
"010037","华泰柏瑞价值增长混合C"
"000592","建信改革红利股票"
"020015","国泰区位优势混合"
"110001","易方达平稳增长混合"
"160133","南方天元新产业股票(LOF)"
"166019","中欧价值智选混合A"
"910024","东方红启阳三年持有混合A"
"519736","交银新成长混合"
"110015","易方达行业领先混合"
"180018","银华和谐主题混合"
"000294","华安生态优先混合"
"165516","信诚周期轮动混合(LOF)"
"090018","大成新锐产业混合"
"004235","中欧价值智选混合C"
"000595","嘉实泰和混合"
"000584","新华鑫益灵活配置混合"
"260116","景顺长城核心竞争力混合A"
"377150","上投摩根健康品质生活混合"
"000404","易方达新兴成长灵活配置"
"270021","广发聚瑞混合A"
"010026","广发聚瑞混合C"
"000746","招商行业精选股票基金"
"519704","交银先进制造混合"
"160916","大成优选混合(LOF)"
"001717","工银前沿医疗股票A"
"020026","国泰成长优选混合"
"010685","工银前沿医疗股票C"
"350005","天治中国制造2025"
"003105","光大永鑫混合A"
"003106","光大永鑫混合C"
"000263","工银信息产业混合A"
"011474","工银信息产业混合C"
"481015","工银主题策略混合"
"011755","广发竞争优势混合C"
"000529","广发竞争优势混合A"
"110002","易方达策略成长混合"
"000532","景顺长城优势企业混合"
"000339","长城医疗保健混合"
"720001","财通价值动量混合"
"630002","华商盛世成长混合"
"001694","华安沪港深外延增长混合"
"000020","景顺长城品质投资混合"
"206009","鹏华新兴产业混合"
"160624","鹏华消费领先混合"
"160211","国泰中小盘成长混合(LOF)"
"530012","建信积极配置混合"
"001216","易方达新收益混合A"
"540003","汇丰晋信动态策略混合A"
"860036","光大阳光混合B"
"860001","光大阳光混合A"
"000854","鹏华养老产业股票"
"860037","光大阳光混合C"
"000418","景顺长城成长之星股票"
"006210","东方臻宝纯债债券A"
"000452","南方医药保健灵活配置混合"
"110023","易方达医疗保健行业混合"
"530016","建信恒稳价值混合"
"001217","易方达新收益混合C"
"519093","新华钻石品质企业混合"
"000409","鹏华环保产业股票"
"320012","诺安主题精选混合"
"379010","上投摩根中小盘混合"
"519002","华安安信消费混合"
"160212","国泰估值优势混合(LOF)"
"290011","泰信中小盘精选混合"
"260101","景顺长城优选混合"
"000831","工银医疗保健股票"
"481017","工银量化策略混合"
"070027","嘉实周期优选混合"
"002082","华泰柏瑞激励动力混合C"
"001387","中融新经济混合A"
"160918","大成中小盘混合(LOF)A"
"011159","大成中小盘混合(LOF)C"
"310318","申万菱信沪深300指数增强A"
"550016","信诚至远C"
"200015","长城优化升级混合"
"180031","银华中小盘混合"
"320018","诺安新动力混合"
"166009","中欧新动力混合(LOF)A"
"001410","信达澳银新能源产业股票"
"519095","新华行业周期轮换混合"
"550009","信诚中小盘混合"
"630016","华商价值共享混合发起式"
"519712","交银阿尔法核心混合"
"370027","上投摩根智选30混合"
"217010","招商大盘蓝筹混合"
"004075","交银医药创新股票"
"006252","永赢消费主题A"
"040016","华安行业轮动混合"
"001445","华安国企改革主题灵活配置混合"
"000778","鹏华先进制造股票"
"006253","永赢消费主题C"
"690009","民生加银红利回报混合"
"004851","广发医疗保健股票A"
"009163","广发医疗保健股票C"
"360005","光大红利混合"
"377530","上投摩根行业轮动混合A"
"400025","东方新兴成长混合"
"002061","国泰安康定期支付混合C"
"000991","工银战略转型股票A"
"000117","广发轮动配置混合"
"011473","工银战略转型股票C"
"530019","建信社会责任混合"
"519909","华安安顺混合"
"487021","工银优质精选混合"
"000566","华泰柏瑞创新升级混合A"
"010028","华泰柏瑞创新升级混合C"
"519673","银河康乐股票"
"519772","交银新生活力灵活配置混合"
"001718","工银物流产业股票"
"001714","工银文体产业股票A"
"005911","广发双擎升级混合A"
"010687","工银文体产业股票C"
"690004","民生加银稳健成长混合"
"001018","易方达新经济混合"
"006002","工银医药健康股票A"
"009314","广发双擎升级混合C"
"110030","易方达沪深300量化增强"
"001815","华泰柏瑞激励动力混合A"
"217013","招商中小盘混合"
"519150","新华优选消费混合"
"519158","新华趋势领航混合"
"000960","招商医药健康产业股票"
"000248","汇添富中证主要消费ETF联接"
"000628","大成高新技术产业股票A"
"011066","大成高新技术产业股票C"
"070021","嘉实主题新动力混合"
"000031","华夏复兴混合"
"005888","华夏新兴消费混合A"
"002168","嘉实智能汽车股票"
"006003","工银医药健康股票C"
"519001","银华价值优选混合"
"003962","易方达瑞程灵活配置混合C"
"001736","圆信永丰优加生活"
"519120","浦银安盛新兴产业混合"
"320006","诺安灵活配置混合"
"000747","广发逆向策略混合A"
"011758","广发逆向策略混合C"
"450011","国富研究精选混合"
"003961","易方达瑞程灵活配置混合A"
"011470","东吴新产业精选股票C"
"580008","东吴新产业精选股票A"
"162605","景顺长城鼎益混合(LOF)"
"005889","华夏新兴消费混合C"
"001927","华夏消费升级灵活配置混合A"
"200012","长城中小盘成长混合"
"519778","交银经济新动力混合"
"530003","建信优选成长混合A"
"002939","广发创新升级混合"
"000711","嘉实医疗保健股票"
"005207","南方高端装备灵活配置混合C"
"590005","中邮核心主题混合"
"001543","宝盈新锐混合A"
"000589","光大银发商机混合"
"481010","工银中小盘混合"
"000431","鹏华品牌传承混合"
"519656","银河灵活配置混合A"
"001473","建信大安全战略精选股票"
"001928","华夏消费升级灵活配置混合C"
"000549","华安大国新经济股票"
"007578","宝盈新锐混合C"
"001616","嘉实环保低碳股票"
"002780","前海联合泓鑫混合A"
"007043","前海联合泓鑫混合C"
"000056","建信消费升级混合"
"162703","广发小盘成长混合(LOF)A"
"009132","广发小盘成长混合(LOF)C"
"257070","国联安优选行业混合"
"690001","民生加银品牌蓝筹混合"
"260108","景顺长城新兴成长混合"
"376510","上投摩根大盘蓝筹股票"
"000550","广发新动力混合"
"270006","广发策略优选混合"
"540008","汇丰晋信低碳先锋股票"
"001643","汇丰晋信智造先锋股票A"
"460007","华泰柏瑞行业领先混合"
"050025","博时标普500ETF联接A"
"519115","浦银安盛红利精选混合"
"530015","建信深证基本面60ETF联接A"
"003230","创金合信医疗保健股票A"
"001975","景顺长城环保优势股票"
"206002","鹏华精选成长混合"
"160627","鹏华策略优选灵活配置混合"
"000328","上投摩根转型动力灵活配置混合"
"006363","建信深证基本面60ETF联接C"
"070022","嘉实领先成长混合"
"530006","建信核心精选混合"
"519979","长信内需成长混合A"
"519097","新华中小市值优选混合"
"000803","工银研究精选股票"
"006075","博时标普500ETF联接C"
"320011","诺安中小盘精选混合"
"003231","创金合信医疗保健股票C"
"001856","易方达环保主题混合"
"519657","银河灵活配置混合C"
"000167","广发聚优灵活配置混合A"
"001668","汇添富全球互联混合"
"000587","大成灵活配置混合"
"519642","银河智造混合"
"860009","光大阳光稳健增长混合A"
"519664","银河美丽混合A"
"001644","汇丰晋信智造先锋股票C"
"165313","建信优势动力混合(LOF)"
"481013","工银消费服务混合A"
"001716","工银新趋势灵活配置混合A"
"519113","浦银安盛精致生活混合"
"011475","工银消费服务混合C"
"000524","上投摩根民生需求股票"
"161810","银华内需精选混合(LOF)"
"090009","大成行业轮动混合"
"121006","国投瑞银稳健增长混合"
"100061","富国中国中小盘混合(QDII)人民币"
"519056","海富通内需热点混合"
"005875","易方达中盘成长混合"
"000457","上投摩根核心成长股票"
"002124","广发新兴产业混合A"
"005827","易方达蓝筹精选混合"
"003516","国泰融安多策略灵活配置混合"
"010433","广发新兴产业混合C"
"519702","交银趋势混合"
"001645","国泰大健康股票A"
"011321","国泰大健康股票C"
"000311","景顺长城沪深300指数增强"
"000574","宝盈新价值混合A"
"001315","易方达新益混合E"
"001224","中邮新思路灵活配置混合"
"690005","民生加银内需增长混合"
"005968","创金合信工业周期股票A"
"005535","泰信竞争优选混合"
"003853","金鹰信息产业股票A"
"005885","金鹰信息产业股票C"
"004868","交银股息优化混合"
"001538","上投摩根科技前沿灵活配置混合"
"161219","国投瑞银新兴产业混合"
"860007","光大阳光价值30个月混合A"
"519678","银河消费混合"
"007574","宝盈新价值混合C"
"110026","易方达创业板ETF联接A"
"004997","广发高端制造股票A"
"001542","国泰互联网+股票"
"000967","华泰柏瑞创新动力混合"
"010160","广发高端制造股票C"
"000209","信诚新兴产业混合"
"005969","创金合信工业周期股票C"
"006397","长信内需成长混合E"
"004744","易方达创业板ETF联接C"
"040015","华安动态灵活配置混合"
"003190","创金合信消费主题股票A"
"000698","宝盈科技30混合"
"519665","银河美丽混合C"
"519126","浦银安盛新经济结构混合"
"952004","国君资管君得明混合"
"000408","民生加银城镇化混合A"
"002307","银华多元视野灵活配置混合"
"450009","国富中小盘股票"
"009706","民生加银城镇化混合C"
"002446","广发利鑫灵活配置混合A"
"860006","光大阳光优选一年持有混合A"
"002770","安信新回报混合A"
"011172","广发利鑫灵活配置混合C"
"540004","汇丰晋信2026周期混合"
"160605","鹏华中国50混合"
"006310","汇添富全球消费混合美元现汇"
"040020","华安升级主题混合"
"530020","建信转债增强债券A"
"540010","汇丰晋信科技先锋股票"
"001703","银华沪港深增长股票"
"003142","鹏华弘达混合A"
"206012","鹏华价值精选股票"
"000763","工银新财富灵活配置混合"
"003191","创金合信消费主题股票C"
"002771","安信新回报混合C"
"002482","宝盈互联网沪港深混合"
"001054","工银新金融股票"
"001071","华安媒体互联网混合"
"001997","工银新趋势灵活配置混合C"
"040008","华安策略优选混合"
"001532","华安文体健康混合"
"166011","中欧盛世成长混合(LOF)A"
"004905","华泰柏瑞生物医药混合A"
"000567","广发聚祥灵活混合"
"005805","华泰柏瑞医疗健康A"
"011453","华泰柏瑞医疗健康C"
"010031","华泰柏瑞生物医药混合C"
"166801","浙商聚潮新思维混合"
"001605","国富沪港深成长精选股票"
"450004","国富深化价值混合"
"001623","兴业国企改革混合"
"501064","国泰价值优选灵活配置混合"
"006136","广发估值优势混合A"
"011430","广发估值优势混合C"
"000780","鹏华医疗保健股票"
"001287","安信优势增长混合A"
"040007","华安中小盘成长混合"
"000478","建信中证500指数增强A"
"530011","建信内生动力混合"
"006392","中信保诚创新成长混合"
"002891","华夏移动互联混合人民币"
"100055","富国全球科技互联网(QDII)"
"121010","国投瑞银瑞源灵活配置混合"
"531020","建信转债增强债券C"
"002036","安信优势增长混合C"
"002620","中邮未来新蓝筹混合"
"519176","浦银安盛消费升级混合C"
"006308","汇添富全球消费混合人民币A"
"000073","上投摩根成长动力混合"
"519125","浦银安盛消费升级混合A"
"000541","华商创新成长混合发起式"
"005633","建信中证500指数增强C"
"530010","建信上证社会责任ETF联接"
"000251","工银金融地产混合A"
"000477","广发主题领先混合"
"519606","国泰金鑫股票"
"002624","广发优企精选混合A"
"010021","广发优企精选混合C"
"003984","嘉实新能源新材料股票A"
"070019","嘉实价值优势混合"
"530018","建信深证100指数增强"
"519918","华夏兴和混合"
"070013","嘉实研究精选混合A"
"001069","华泰柏瑞消费成长混合"
"010696","工银金融地产混合C"
"011476","工银新蓝筹股票C"
"001651","工银新蓝筹股票A"
"165508","信诚深度价值混合(LOF)"
"690011","民生加银积极成长混合发起式"
"001044","嘉实新消费股票"
"257050","国联安主题驱动混合"
"750001","安信灵活配置混合"
"002943","广发多因子混合"
"003985","嘉实新能源新材料股票C"
"000551","信诚幸福消费混合"
"000363","国泰聚信价值优势混合C"
"006309","汇添富全球消费混合人民币C"
"004357","南方智慧混合"
"040011","华安核心优选混合"
"000742","国泰新经济灵活配置混合"
"000362","国泰聚信价值优势混合A"
"373020","上投摩根双核平衡混合"
"000729","建信中小盘先锋股票"
"001104","华安新丝路主题股票"
"002547","民生加银养老服务混合"
"006039","国富估值优势混合"
"610004","信达澳银中小盘混合"
"001070","建信信息产业股票"
"005962","宝盈人工智能股票A"
"860018","光大阳光智造混合A"
"161213","国投瑞银中证消费服务指数"
"001043","工银美丽城镇股票A"
"011478","工银美丽城镇股票C"
"005233","广发睿毅领先混合"
"001691","南方香港成长(QDII)"
"002259","鹏华健康环保混合"
"002967","浙商大数据智选消费混合"
"000880","富国研究精选灵活配置混合"
"070023","嘉实深证基本面120联接A"
"001864","中海魅力长三角混合"
"003291","信达澳银健康中国混合"
"002563","泓德泓汇混合"
"350009","天治研究驱动混合A"
"006366","兴业安保优选混合"
"001832","易方达瑞恒灵活配置混合"
"000556","国投瑞银新机遇灵活配置混合A"
"005136","华安幸福生活混合"
"006615","工银战略新兴产业混合A"
"519193","万家消费成长"
"001907","国投瑞银境煊灵活配置混合A"
"005825","申万菱信智能驱动股票"
"550015","信诚至远A"
"005963","宝盈人工智能股票C"
"110003","易方达上证50增强A"
"001766","上投摩根医疗健康股票"
"005904","华泰保兴成长优选A"
"002059","国泰浓益灵活配置混合C"
"006585","南方宝元债券C"
"006616","工银战略新兴产业混合C"
"160603","鹏华普天收益混合"
"200002","长城久泰沪深300指数A"
"001528","诺安先进制造股票"
"400015","东方新能源汽车混合"
"006132","万家智造优势混合A"
"519727","交银成长30混合"
"002408","中信建投医改混合A"
"004041","金鹰医疗健康产业C"
"004746","易方达上证50增强C"
"006736","国投瑞银先进制造混合"
"519133","海富通改革驱动混合"
"519698","交银先锋混合"
"005905","华泰保兴成长优选C"
"004812","中欧先进制造股票A"
"070032","嘉实优化红利混合"
"001704","国投瑞银进宝灵活配置混合"
"000924","宝盈先进制造混合A"
"320021","诺安双利债券发起"
"161225","国投瑞银瑞盈混合(LOF)"
"004263","华安沪港深机会灵活配置混合"
"004374","华泰保兴吉年丰混合发起A"
"004813","中欧先进制造股票C"
"310388","申万菱信消费增长混合"
"952099","国君资管君得鑫两年持有期混合C"
"001579","国泰大农业股票"
"410007","华富价值增长混合"
"519677","银河定投宝腾讯济安指数"
"000557","国投瑞银新机遇灵活配置混合C"
"006348","银华盛利混合发起式"
"000312","华安沪深300增强A"
"000977","长城环保主题混合"
"002851","南方品质混合"
"270010","广发沪深300ETF联接A"
"004076","国联安锐意成长混合"
"000756","建信潜力新蓝筹股票"
"952009","国君资管君得鑫两年持有期混合A"
"000165","国投瑞银策略精选混合"
"004375","华泰保兴吉年丰混合发起C"
"005642","鹏扬景升A"
"006133","万家智造优势混合C"
"001577","嘉实低价策略股票"
"007579","宝盈先进制造混合C"
"005939","工银新能源汽车混合A"
"001382","易方达国企改革混合"
"213001","宝盈鸿利收益灵活配置混合A"
"501046","财通多策略福鑫定开混合"
"485114","工银添颐债券A"
"200008","长城品牌优选混合"
"487016","工银瑞信灵活配置混合A"
"006058","民生加银新兴成长混合"
"110012","易方达科汇灵活配置混合"
"001908","国投瑞银境煊灵活配置混合C"
"007455","富国蓝筹精选股票(QDII)人民币"
"501038","银华明择多策略定期开放混合"
"002132","广发鑫享混合"
"006121","华安双核驱动混合"
"002987","广发沪深300ETF联接C"
"005726","国泰价值精选灵活配置混合A"
"011324","国泰价值精选灵活配置混合C"
"160615","鹏华沪深300指数(LOF)A"
"001581","华安沪港深通精选灵活配置混合"
"006154","华安制造先锋混合"
"001974","景顺长城量化新动力股票"
"005812","鹏华产业精选"
"213010","宝盈中证100指数增强A"
"000609","华商新量化混合"
"007581","宝盈鸿利收益灵活配置混合C"
"006223","交银创新成长混合"
"001878","嘉实沪港深精选股票"
"005235","银华食品饮料量化股票发起式A"
"003745","广发多元新兴股票"
"000878","中海医药健康产业精选混合A"
"161910","万家新机遇价值驱动A"
"007340","南方科技创新混合A"
"005940","工银新能源汽车混合C"
"005794","银华心怡灵活配置混合"
"005680","财通资管价值成长混合"
"070099","嘉实优质企业混合"
"000884","民生加银优选股票"
"005236","银华食品饮料量化股票发起式C"
"005643","鹏扬景升C"
"004040","金鹰医疗健康产业A"
"007580","宝盈中证100指数增强C"
"860005","光大阳光添利债券A"
"003835","鹏华沪深港新兴成长混合"
"860030","光大阳光添利债券C"
"001182","易方达安心回馈混合"
"000794","宝盈睿丰创新混合A/B"
"002542","长城久鼎混合"
"001487","宝盈优势产业混合"
"160919","大成产业升级股票(LOF)"
"005303","嘉实医药健康股票A"
"001298","金鹰民族新兴混合"
"007341","南方科技创新混合C"
"370023","上投摩根中证消费服务指数"
"006314","中融策略优选混合A"
"320003","诺安先锋混合"
"001701","中融产业升级混合"
"519706","交银深证300价值ETF联接"
"000313","华安沪深300增强C"
"070010","嘉实主题混合"
"003238","新华外延增长主题灵活配置混合"
"001857","易方达现代服务业混合"
"000976","长城新兴产业混合"
"001272","兴业聚利灵活配置混合"
"005738","长城智能产业灵活配置混合"
"001886","中欧行业成长混合(LOF)E"
"001603","易方达安盈回报混合"
"519644","银河智联混合"
"166006","中欧行业成长混合(LOF)A"
"000242","景顺长城策略精选灵活配置混合"
"320022","诺安研究精选股票"
"151001","银河稳健混合"
"006604","嘉实消费精选股票A"
"001951","金鹰改革红利混合"
"519033","海富通国策导向混合"
"003940","银华盛世精选灵活配置混合发起式"
"001040","新华策略精选股票"
"001715","工银新焦点混合A"
"006315","中融策略优选混合C"
"213008","宝盈资源优选混合"
"519025","海富通领先成长混合"
"900009","中信证券成长动力混合A"
"005106","银华农业产业股票发起式"
"399011","中海医疗保健主题股票"
"110010","易方达价值成长混合"
"007349","华夏科技创新混合A"
"900059","中信证券成长动力混合C"
"005299","万家成长优选混合A"
"007350","华夏科技创新混合C"
"005304","嘉实医药健康股票C"
"002043","天治研究驱动混合C"
"005983","上投摩根核心精选"
"485014","工银添颐债券B"
"006605","嘉实消费精选股票C"
"005660","嘉实资源精选股票A"
"002378","建信弘利灵活配置混合"
"005544","银华瑞和灵活配置混合"
"001163","银华中国梦30股票"
"005526","工银新生代消费混合"
"005775","中加转型动力混合A"
"202001","南方稳健成长混合"
"001626","国泰央企改革股票"
"350008","天治新消费混合"
"001320","工银丰盈回报灵活配置混合"
"290014","泰信现代服务业混合"
"006122","华安低碳生活混合"
"000870","嘉实新收益混合"
"001222","鹏华外延成长混合"
"004423","华商研究精选灵活配置"
"519959","长信多利混合"
"005661","嘉实资源精选股票C"
"519003","海富通收益增长混合"
"004231","中欧行业成长混合(LOF)C"
"001898","易方达大健康混合"
"000879","中海医药健康产业精选混合C"
"005596","建信战略精选灵活配置混合A"
"007343","嘉实科技创新混合"
"005300","万家成长优选混合C"
"470028","汇添富社会责任混合"
"001008","工银国企改革股票"
"005729","南方人工智能混合"
"217016","招商深证100指数A"
"005004","交银品质升级混合"
"410008","华富中证100指数"
"000586","景顺长城中小创精选股票"
"004138","上银鑫达混合"
"005211","银河智慧混合"
"007586","华泰保兴多策略"
"006266","永赢智能领先混合A"
"005267","嘉实价值精选股票"
"006281","万家人工智能混合"
"001998","工银新焦点混合C"
"006250","上投摩根动力精选"
"006081","海富通电子传媒股票A"
"003298","嘉实物流产业股票A"
"519779","交银沪港深价值精选混合"
"550003","中信保诚盛世蓝筹混合"
"004958","圆信永丰优享生活"
"006879","华安智能生活混合"
"006269","永赢智能领先混合C"
"001437","易方达瑞享混合I"
"003634","嘉实农业产业股票"
"519991","长信双利优选混合A"
"519156","新华行业灵活配置混合A"
"005776","中加转型动力混合C"
"020018","国泰金鹿混合"
"007346","易方达科技创新混合"
"001695","泓德泓业混合"
"002293","南方益和混合"
"004634","前海联合泳涛混合A"
"002649","民生智造2025灵活配置混合"
"005028","鹏华研究精选灵活配置混合"
"550008","信诚优胜精选混合"
"005597","建信战略精选灵活配置混合C"
"002291","诺安安鑫灵活配置混合"
"005914","景顺长城智能生活混合"
"007041","前海联合泳涛混合C"
"001879","长城创业板指数增强A"
"005742","南方成安优选混合"
"004408","招商深证100指数C"
"001513","易方达信息产业混合"
"001576","国泰智能装备股票A"
"004119","广发创新驱动灵活配置混合"
"241001","华宝海外中国成长混合"
"011322","国泰智能装备股票C"
"003413","华泰柏瑞新经济沪港深混合"
"003299","嘉实物流产业股票C"
"005630","华安研究精选混合"
"519089","新华优选成长混合"
"210008","金鹰策略配置混合"
"003378","泰康策略优选混合"
"610006","信达澳银产业升级混合"
"006396","长信双利优选混合E"
"000663","国投瑞银美丽中国混合"
"004450","嘉实前沿科技沪港深股票"
"005251","银华多元动力灵活配置混合"
"210003","金鹰行业优势混合"
"217009","招商核心价值混合"
"005268","鹏华优势企业"
"005400","万家潜力价值灵活配置混合A"
"006928","长城创业板指数增强C"
"270007","广发大盘成长混合"
"160422","华安创业板50ETF联接A"
"519127","浦银安盛盛世精选混合A"
"360016","光大行业轮动混合"
"007193","恒越核心精选混合C"
"005543","银华心诚灵活配置混合"
"005259","建信龙头企业股票"
"160424","华安创业板50ETF联接C"
"006299","恒越核心精选混合A"
"320016","诺安多策略混合"
"006080","海富通电子传媒股票C"
"450010","国富策略回报混合"
"006976","鹏华核心优势混合"
"003284","中邮医药健康混合"
"001388","中融新经济混合C"
"001884","中欧互通精选混合E"
"002229","华夏经济转型股票"
"001740","光大中国制造2025混合"
"007306","华泰柏瑞基本面智选A"
"163001","长信医疗保健混合(LOF)"
"001357","泓德泓富混合A"
"001314","易方达新益混合I"
"161132","易方达科顺定开混合"
"001858","建信鑫利灵活配置混合"
"006072","民生加银创新成长混合"
"002264","华夏乐享健康混合"
"900090","中信卓越成长两年持有混合B"
"006049","恒越研究精选混合A/B"
"005910","广发龙头优选混合"
"900099","中信证券红利价值B"
"900010","中信卓越成长两年持有混合A"
"540007","汇丰晋信中小盘股票"
"004476","景顺长城沪港深领先科技"
"005730","国泰江源优势精选混合A"
"011325","国泰江源优势精选混合C"
"610007","信达澳银消费优选混合"
"005401","万家潜力价值灵活配置混合C"
"400003","东方精选混合"
"166007","中欧互通精选混合A"
"007192","恒越研究精选混合C"
"006385","华泰保兴研究智选A"
"007307","华泰柏瑞基本面智选C"
"006257","信达澳银先进智造股票型"
"900100","中信卓越成长两年持有混合C"
"168002","国寿安保策略精选混合(LOF)"
"005534","华夏新时代混合(QDII)"
"160215","国泰价值经典混合(LOF)"
"001692","南方国策动力"
"900011","中信证券红利价值A"
"165317","建信丰裕多策略混合(LOF)"
"006085","万家新机遇价值驱动C"
"166802","浙商沪深300指数增强"
"000985","嘉实逆向策略股票"
"001825","建信中国制造2025"
"002801","泓德泓信混合"
"519710","交银策略回报灵活配置混合"
"001880","长城中国智造灵活配置混合A"
"519195","万家品质"
"519022","国泰金泰灵活配置混合C"
"020022","国泰策略价值灵活配置混合"
"006912","长城久泰沪深300指数C"
"900089","中信证券红利价值C"
"002846","泓德泓华混合"
"501001","财通多策略精选混合(LOF)"
"007047","长城核心优势混合"
"001781","建信现代服务业股票"
"161222","国投瑞银瑞利混合(LOF)"
"010000","长城中国智造灵活配置混合C"
"001156","申万菱信新能源汽车混合"
"519746","交银丰享收益债券A"
"163110","申万菱信量化小盘股票"
"540012","汇丰晋信恒生龙头指数A"
"001474","兴银丰盈灵活配置"
"005533","银华国企改革混合发起式"
"166005","中欧价值发现混合A"
"006644","弘毅远方消费升级混合"
"450007","国富成长动力混合"
"162415","华宝标普美国消费人民币A"
"006386","华泰保兴研究智选C"
"002808","泓德优势领航混合"
"000963","兴业多策略混合"
"005708","国联安远见成长混合"
"007474","华夏创成长ETF联接A"
"519020","国泰金泰灵活配置混合A"
"501079","大成科创主题3年封闭混合"
"009975","华宝标普美国消费人民币C"
"004355","嘉实丰和灵活配置混合"
"003624","创金合信资源股票发起式A"
"630015","华商大盘量化精选混合"
"002258","大成国企改革灵活配置混合"
"001149","汇丰晋信恒生龙头指数C"
"001376","泓德泓富混合C"
"000796","宝盈睿丰创新混合C"
"002669","华商万众创新混合"
"002133","广发鑫益混合"
"004477","嘉实沪港深回报混合"
"006346","安信量化优选股票A"
"007475","华夏创成长ETF联接C"
"590006","中邮中小盘灵活配置混合"
"005498","银华积极成长混合"
"005848","银华裕利混合发起式"
"001482","上投摩根新兴服务股票"
"004805","长信消费精选量化股票"
"007084","天治转型升级混合"
"005855","中科沃土沃瑞混合A"
"003822","中信建投轮换混合A"
"004350","汇丰晋信价值先锋股票"
"150968","银河研究精选混合"
"162006","长城久富混合(LOF)"
"000433","安信鑫发优选混合"
"000679","招商丰利灵活配置混合A"
"673100","西部利得沪深300指数增强A"
"000017","财通可持续混合"
"001140","工银总回报灵活配置混合A"
"011477","工银总回报灵活配置混合C"
"003567","华夏行业景气混合"
"006347","安信量化优选股票C"
"180013","银华领先策略混合"
"673060","西部利得景瑞灵活配置混合A"
"000171","易方达裕丰回报债券"
"519655","银河服务混合"
"003581","前海联合国民健康混合A"
"002774","光大铭鑫混合C"
"003823","中信建投轮换混合C"
"004393","安信合作创新灵活配置混合"
"009258","西部利得景瑞灵活配置混合C"
"673101","西部利得沪深300指数增强C"
"005856","中科沃土沃瑞混合C"
"006904","泰康产业升级混合A"
"519714","交银消费新驱动股票"
"006209","中信保诚新蓝筹混合"
"003165","鹏华弘嘉混合A类"
"005450","华夏稳盛灵活配置混合"
"001500","泓德远见回报混合"
"001915","宝盈医疗健康沪港深股票"
"290008","泰信发展主题混合"
"006909","华夏战略新兴成指ETF联接A"
"290005","泰信优势增长混合"
"210005","金鹰主题优势混合"
"003625","创金合信资源股票发起式C"
"005164","富荣福锦混合A"
"007553","中信建投医改混合C"
"006533","易方达科融混合"
"006761","银河家盈债券"
"001015","华夏沪深300指数增强A"
"002213","中海顺鑫灵活配置混合"
"007111","前海联合国民健康混合C"
"002773","光大铭鑫混合A"
"006910","华夏战略新兴成指ETF联接C"
"000990","嘉实全球互联网股票美元现钞"
"121002","国投瑞银景气行业混合"
"202015","南方沪深300联接基金A"
"168104","九泰锐丰灵活配置混合(LOF)A"
"168111","九泰锐丰灵活配置混合(LOF)C"
"003166","鹏华弘嘉混合C类"
"002416","招商丰利灵活配置混合C"
"001236","博时丝路主题股票A"
"005777","广发科技动力股票"
"001380","鹏华弘盛混合C"
"004342","南方沪深300联接基金C"
"002573","建信汇利灵活配置混合"
"375010","上投摩根中国优势混合"
"006905","泰康产业升级混合C"
"501022","银华鑫盛灵活配置混合(LOF)"
"320010","诺安中证100指数A"
"005593","上投创新商业模式混合"
"002230","华夏大中华混合(QDII)"
"410006","华富策略精选混合"
"005481","银华瑞泰灵活配置混合"
"010351","诺安中证100指数C"
"005927","创金合信新能源汽车股票A"
"001790","国泰智能汽车股票A"
"005165","富荣福锦混合C"
"011323","国泰智能汽车股票C"
"110027","易方达安心回报债券A"
"002594","工银现代服务业混合"
"005741","南方君信混合A"
"210004","金鹰稳健成长混合"
"001359","国联安添鑫灵活配置混合A"
"006345","景顺长城集英两年定开混合"
"360012","光大中小盘混合"
"002181","华安大安全混合"
"002121","广发沪港深新起点股票A"
"000006","西部利得量化成长混合A"
"010150","南方君信混合C"
"005683","国寿安保华兴灵活配置混合"
"161211","国投沪深300金融地产联接"
"010024","广发沪港深新起点股票C"
"011228","西部利得量化成长混合C"
"001171","工银养老产业股票"
"005335","浙商全景消费混合"
"002556","博时丝路主题股票C"
"671030","西部利得事件驱动股票"
"005819","国泰优势行业混合"
"007490","南方信息创新混合A"
"202213","南方核心竞争混合"
"005474","泰康均衡优选混合A"
"005475","泰康均衡优选混合C"
"002910","易方达供给改革混合"
"006302","银华行业轮动混合"
"519983","长信量化先锋混合A"
"519099","新华灵活主题混合"
"004879","汇添富全球医疗混合美元现钞"
"004878","汇添富全球医疗混合美元现汇"
"000649","长城久鑫灵活配置"
"005682","财通资管消费精选混合A"
"006671","广发消费升级股票"
"007146","鹏华研究智选混合"
"005821","万家新机遇龙头企业混合"
"000772","景顺长城中国回报灵活配置混合"
"001498","建信鑫荣回报灵活配置混合"
"270025","广发行业领先混合A"
"000373","华安中证细分医药ETF联接A"
"004636","中信建投智信物联网C"
"004995","广发品牌消费股票发起式A"
"005711","永赢惠添利灵活配置混合"
"006502","财通集成电路产业股票A"
"630011","华商主题精选混合"
"002083","新华鑫动力灵活配置混合A"
"010245","广发品牌消费股票发起式C"
"110028","易方达安心回报债券B"
"519619","银河君荣灵活配置混合A"
"007412","景顺长城绩优成长混合"
"004965","泓德致远混合A"
"004986","鹏华策略回报混合"
"006240","中融医疗健康混合A"
"001016","华夏沪深300指数增强C"
"005928","创金合信新能源汽车股票C"
"005311","万家经济新动能混合A"
"001702","东方创新科技混合"
"007119","睿远成长价值混合A"
"007491","南方信息创新混合C"
"002084","新华鑫动力灵活配置混合C"
"481004","工银稳健成长混合A"
"001681","新华积极价值灵活配置混合"
"005612","嘉实核心优势股票发起式"
"001706","诺安积极回报混合"
"003580","泰康沪港深价值优选混合"
"006969","圆信永丰高端制造混合"
"000761","国富健康优质生活股票"
"005402","广发资源优选股票A"
"260117","景顺长城支柱产业混合"
"010235","广发资源优选股票C"
"000176","嘉实沪深300指数研究增强"
"161907","万家中证红利指数(LOF)"
"004148","圆信永丰多策略"
"001480","财通成长优选混合"
"002681","金鹰元和灵活配置混合A"
"005994","国投中证500指数量化增强A"
"007120","睿远成长价值混合C"
"004683","建信高端医疗股票"
"002844","金鹰多元策略混合"
"003715","宝盈消费主题混合"
"001072","华安智能装备主题股票"
"004877","汇添富全球医疗混合人民币"
"001798","泰康新回报灵活配置混合A"
"007570","方正富邦红利精选混合C"
"320015","诺安行业轮动混合"
"006241","中融医疗健康混合C"
"519767","交银科技创新灵活配置混合"
"090010","大成中证红利指数A"
"006138","国联安价值优选股票"
"006503","财通集成电路产业股票C"
"005810","南方瑞祥一年混合A"
"160421","华安智增精选混合"
"200001","长城久恒灵活配置混合"
"001280","银华聚利灵活配置混合A"
"501051","圆信永丰汇利混合(LOF)"
"007089","国投中证500指数量化增强C"
"501057","汇添富中证新能源汽车A"
"260103","景顺长城动力平衡混合"
"000082","嘉实研究阿尔法股票"
"001799","泰康新回报灵活配置混合C"
"007801","大成中证红利指数C"
"008227","宝盈研究精选混合A"
"501078","广发科创主题3年封闭混合"
"519157","新华行业灵活配置混合C"
"519620","银河君荣灵活配置混合C"
"519773","交银数据产业灵活配置混合"
"001705","泓德战略转型股票"
"000042","中证财通可持续发展100指数A"
"001654","国联安添鑫灵活配置混合C"
"004890","中邮健康文娱混合"
"090020","大成健康产业混合"
"000376","华安中证细分医药ETF联接C"
"000688","景顺长城研究精选股票"
"200016","长城稳健成长灵活配置混合"
"005312","万家经济新动能混合C"
"004788","富荣沪深300指数增强A"
"001117","中欧精选定期开放混合A"
"008228","宝盈研究精选混合C"
"501058","汇添富中证新能源汽车C"
"006248","华夏创业板ETF联接A"
"004966","泓德致远混合C"
"004789","富荣沪深300指数增强C"
"519139","海富通沪港深灵活配置混合"
"460009","华泰柏瑞量化先行混合A"
"001809","中信建投智信物联网A"
"200007","长城安心回报混合"
"002682","金鹰元和灵活配置混合C"
"519183","万家双引擎灵活配置混合"
"004249","安信中国制造2025混合"
"730002","方正富邦红利精选混合A"
"010246","华泰柏瑞量化先行混合C"
"007300","国联安中证半导体ETF联接A"
"005094","万家臻选混合"
"519224","海富通欣荣混合A"
"006249","华夏创业板ETF联接C"
"000065","国富焦点驱动混合"
"519223","海富通欣荣混合C"
"310368","申万菱信竞争优势混合"
"006202","交银核心资产混合"
"002326","银华聚利灵活配置混合C"
"007493","朱雀产业臻选混合A"
"001047","光大国企改革股票"
"001208","诺安低碳经济股票A"
"673120","西部利得新富混合"
"008245","圆信永丰致优混合A"
"005395","泓德臻远回报混合"
"002332","汇丰晋信沪港深A"
"010349","诺安低碳经济股票C"
"007301","国联安中证半导体ETF联接C"
"160645","鹏华精选回报三年定开混合"
"398051","中海环保新能源混合"
"004743","易方达上证中盘ETF联接C"
"002001","华夏回报混合A"
"519700","交银主题优选混合"
"001667","南方转型混合"
"006511","博道卓远混合A"
"519034","海富通中证500增强A"
"006921","南方智诚混合"
"007494","朱雀产业臻选混合C"
"007460","华安成长创新混合"
"006449","浙商汇金量化精选混合"
"002671","万家沪深300指数增强C"
"006230","鹏华研究驱动混合"
"006007","诺安积极配置混合A"
"005237","银华医疗健康量化优选A"
"005519","银华混改红利灵活配置混合发起式"
"009004","海富通中证500增强C"
"090016","大成消费主题混合"
"007689","国投瑞银新能源混合A"
"006538","东海核心价值"
"001511","兴全新视野定开混合"
"005811","南方瑞祥一年混合C"
"161818","银华消费主题混合"
"008246","圆信永丰致优混合C"
"590003","中邮核心优势灵活配置混合"
"001956","国联安科技动力"
"003293","易方达科瑞混合"
"005409","华泰柏瑞新兴产业混合A"
"006008","诺安积极配置混合C"
"002062","国泰国策驱动灵活配置混合C"
"007439","东海科技动力A"
"007690","国投瑞银新能源混合C"
"001000","中欧明睿新起点混合"
"519965","长信量化多策略股票A"
"001780","诺安改革趋势灵活配置混合"
"005495","创金合信科技成长股票A"
"010032","华泰柏瑞新兴产业混合C"
"001076","易方达改革红利混合"
"005238","银华医疗健康量化优选C"
"006051","鹏扬核心价值灵活配置A"
"006512","博道卓远混合C"
"001758","嘉实研究增强混合"
"531008","建信稳定增利债券A"
"006020","广发沪深300指数增强A"
"006369","弘毅远方国企转型升级混合"
"000974","安信消费医药股票"
"005225","广发量化多因子混合"
"006568","国联安行业领先混合"
"580005","东吴进取策略混合A"
"000511","国泰国策驱动灵活配置混合A"
"011242","东吴进取策略混合C"
"180028","银华永祥灵活配置混合"
"000199","国泰量化策略收益混合"
"006233","万家汽车新趋势混合A"
"110021","易方达上证中盘ETF联接A"
"202019","南方策略优化混合"
"002653","泰康沪港深精选混合"
"002148","国寿安保稳惠混合"
"288001","华夏经典混合"
"007056","银华积极精选混合"
"002333","汇丰晋信沪港深C"
"540002","汇丰晋信龙腾混合"
"002945","大成盛世精选灵活配置混合"
"180020","银华成长先锋混合"
"004082","国联安鑫乾混合C"
"519196","万家新兴蓝筹灵活配置混合"
"260109","景顺长城内需贰号混合"
"005403","南方融尚再融资混合"
"501083","银华科创主题3年封闭混合"
"006052","鹏扬核心价值灵活配置C"
"006167","德邦乐享生活混合A"
"004703","南方兴盛混合"
"006021","广发沪深300指数增强C"
"007548","易方达ESG责任投资股票"
"006234","万家汽车新趋势混合C"
"070018","嘉实回报混合"
"004959","圆信永丰优悦生活混合"
"005112","银华中证全指医药卫生"
"005671","前海联合研究优选混合A"
"004292","鹏华沪深港互联网股票"
"007463","东海科技动力C"
"006168","德邦乐享生活混合C"
"860016","光大阳光启明星创新驱动主题混合A"
"004693","前海联合泳隽混合A"
"007203","银河新动能混合"
"000367","国泰安康定期支付混合A"
"006759","银河乐活优萃混合"
"002683","民生加银前沿科技灵活配置混合"
"005496","创金合信科技成长股票C"
"161837","银华大盘两年定开混合"
"006863","国联安智能制造混合"
"002214","中海沪港深价值优选混合"
"001252","中海进取收益混合"
"007305","国联安新科技混合"
"168105","九泰泰富定增混合"
"003957","安信量化精选沪深300增强A"
"070003","嘉实稳健混合"
"110019","易方达深证100ETF联接A"
"519621","银河君荣灵活配置混合I"
"001881","中欧新趋势混合E"
"002564","新沃通盈灵活配置混合"
"519961","长信利广混合A"
"004742","易方达深证100ETF联接C"
"470021","汇添富优选回报灵活配置混合A"
"160722","嘉实惠泽混合(LOF)"
"165512","信诚新机遇混合(LOF)"
"001266","国投瑞银招财混合"
"004394","华泰柏瑞量化创优混合"
"519668","银河成长混合"
"070001","嘉实成长收益混合A"
"003131","国寿安保强国智造混合"
"001009","上投摩根安全战略股票"
"005352","鹏扬景泰成长混合A"
"006939","鹏华沪深300指数(LOF)C"
"001039","嘉实先进制造股票"
"007042","前海联合泳隽混合C"
"005001","交银持续成长主题混合"
"630010","华商价值精选混合"
"002418","汇添富优选回报灵活配置混合C"
"007464","交银创业板50指数A"
"004858","长信量化多策略股票C"
"006769","长城研究精选混合"
"360006","光大新增长混合"
"630005","华商动态阿尔法混合"
"001438","易方达瑞享混合E"
"005965","安信中证500指数增强A"
"310518","申万菱信可转债债券"
"161903","万家行业优选混合(LOF)"
"003958","安信量化精选沪深300增强C"
"530008","建信稳定增利债券C"
"007465","交银创业板50指数C"
"006593","博道中证500增强A"
"009067","国泰中证新能源汽车ETF联接A"
"000928","中融国企改革混合"
"110020","易方达沪深300ETF联接A"
"160324","华夏磐晟混合(LOF)"
"009068","国泰中证新能源汽车ETF联接C"
"004189","华商消费行业股票"
"004221","长信量化先锋混合C"
"003751","万家瑞隆混合"
"001719","工银国家战略股票"
"001782","九泰久益混合A"
"168101","九泰锐智事件驱动混合(LOF)"
"000411","景顺长城优质成长股票"
"007339","易方达沪深300ETF联接C"
"005353","鹏扬景泰成长混合C"
"006336","泓德量化精选混合"
"160505","博时主题行业混合(LOF)"
"006594","博道中证500增强C"
"007254","广发均衡价值混合"
"002295","广发稳安灵活配置A"
"006377","广发趋势动力混合"
"006868","华夏科技成长股票"
"005966","安信中证500指数增强C"
"161912","万家社会责任18个月定开A"
"040180","华安上证180ETF联接"
"630006","华商产业升级混合"
"519177","浦银安盛盛世精选混合C"
"005672","前海联合研究优选混合C"
"001709","华富物联世界灵活配置混合"
"005977","中信保诚至兴混合A"
"008371","华安汇智精选两年持有期混合"
"006687","方正富邦深证100ETF联接A"
"151002","银河收益混合"
"007854","光大景气先锋混合"
"008604","广发稳安灵活配置C"
"630007","华商稳健双利债券A"
"169201","浙商鼎盈事件驱动混合"
"004895","华商鑫安灵活混合"
"519116","浦银安盛沪深300指数增强"
"519026","海富通中小盘混合"
"202025","南方上证380ETF联接A"
"004250","银河量化优选混合"
"270022","广发内需增长混合A"
"002319","大成一带一路灵活配置混合"
"070030","嘉实中创400ETF联接A"
"007731","民生加银持续成长混合A"
"165309","建信沪深300指数(LOF)"
"006235","东方城镇消费主题混合"
"180003","银华-道琼斯88指数A"
"450008","国富沪深300指数增强"
"006564","圆信永丰精选回报混合"
"011183","广发内需增长混合C"
"501087","交银瑞丰三年封闭混合"
"161913","万家社会责任18个月定开C"
"002289","华商改革创新股票"
"006882","华泰保兴健康消费A"
"005970","国泰消费优选股票"
"008314","上投摩根慧选成长A"
"519117","浦银安盛基本面400指数"
"002281","建信裕利灵活配置混合"
"005310","广发电子信息传媒股票A"
"004266","招商沪港深科技创新混合A"
"007895","嘉实价值成长混合"
"010754","招商沪港深科技创新混合C"
"007732","民生加银持续成长混合C"
"007571","南方上证380ETF联接C"
"010236","广发电子信息传媒股票C"
"004686","华夏研究精选股票"
"001279","中海积极增利混合"
"006160","博道启航混合A"
"004359","创金合信量化核心混合A"
"004190","招商沪深300指数增强A"
"007163","浦银安盛环保新能源A"
"007243","安信核心竞争力混合A"
"006756","国泰中证生物医药ETF联接A"
"590001","中邮核心优选混合"
"006608","泓德研究优选混合"
"000545","中邮核心竞争力灵活配置混合"
"003882","易方达瑞弘混合A"
"002562","泓德泓益量化混合"
"001397","建信精工制造指数增强"
"007835","国泰鑫睿混合"
"630009","华商稳定增利债券A"
"000066","诺安鸿鑫混合"
"410003","华富成长趋势混合"
"180010","银华优质增长混合"
"002067","诺安精选回报混合"
"007244","安信核心竞争力混合C"
"008315","上投摩根慧选成长C"
"320020","诺安策略精选股票"
"260115","景顺长城中小盘混合"
"350007","天治趋势精选混合"
"180001","银华优势企业混合"
"110035","易方达双债增强债券A"
"003883","易方达瑞弘混合C"
"080006","长盛环球行业混合(QDII)"
"003804","华安新丰利灵活配置混合C"
"003839","易方达瑞通灵活配置混合A"
"001256","泓德优选成长混合"
"001672","国寿安保智慧生活股票"
"673071","西部利得新动力混合A"
"501070","广发睿阳三年定开混合"
"000877","华泰柏瑞量化优选混合"
"007164","浦银安盛环保新能源C"
"005188","海富通量化前锋股票C"
"161115","易方达岁丰添利债券(LOF)"
"167002","平安鼎越混合(LOF)"
"519670","银河行业混合"
"006757","国泰中证生物医药ETF联接C"
"005978","中信保诚至兴混合C"
"519987","长信恒利优势混合"
"002686","中欧丰泓沪港深混合C"
"006323","合煦智远嘉选混合A"
"008009","华商高端装备制造股票"
"006688","方正富邦深证100ETF联接C"
"005288","海富通创业板增强A"
"530009","建信收益增强债券A"
"006161","博道启航混合C"
"000236","工银月月薪定期支付债券A"
"006883","华泰保兴健康消费C"
"006251","银华兴盛股票"
"009108","富国红利精选混合(QDII)人民币"
"004191","招商沪深300指数增强C"
"008208","博道嘉泰回报混合"
"007750","广发优势增长股票"
"005873","建信创业板ETF联接A"
"450003","国富潜力组合混合A"
"003840","易方达瑞通灵活配置混合C"
"000143","鹏华双债加利债券"
"005967","鹏华创新驱动混合"
"001384","东方新思路混合A"
"378010","上投摩根成长先锋混合"
"001036","嘉实企业变革股票"
"001179","德邦大健康灵活配置混合"
"005788","南方MSCI中国A股联接A"
"005189","海富通量化前锋股票A"
"008273","广发优质生活混合"
"003986","申万菱信中证500指数优选增强A"
"006719","国融融盛龙头严选混合C"
"003132","德邦新回报灵活配置混合"
"001978","泰信互联网+混合"
"673090","西部利得个股精选股票"
"006165","建信中证1000指数增强A"
"005851","财通新视野灵活配置混合A"
"001379","景顺长城领先回报混合C"
"090004","大成精选增值混合"
"160716","嘉实基本面50指数(LOF)A"
"006038","大成景恒混合C"
"005874","建信创业板ETF联接C"
"673073","西部利得新动力混合C"
